geo,name,1990,1991,1992,1993,1994,1995,1996,1997,1998,1999,2000,2001,2002,2003,2004,2005,2006,2007,2008,2009,2010,2011,2012,2013,2014,2015,2016,2017,2018,2019,2020,2021,2022,2023
afg,Afghanistan,209.14,208.18,209.58,217.73,222.76,226.85,228.99,230.78,230.17,238.07,242.34,244.76,237.16,255.23,281.88,299.55,318.92,341.34,365.09,394.68,424.14,447.61,476.84,512,548.71,595.42,627.36,665.83,704.77,764.83,799.43,937.3,930.65,965.97
ago,Angola,502.1,516.43,532.36,561.51,593.3,597.21,557.52,564.08,648.77,706.18,735.67,786.27,836.12,882.13,944.08,1011.99,1152.38,1282.37,1420.25,1570.41,1716.26,1856.87,1996.04,2259.03,2588.97,2728.66,2681.75,2699.17,2856.55,3109.05,3311.27,3710.31,4467.59,5099.06
alb,Albania,213.47,216.9,221.6,228.82,239.14,255.29,272.82,283.2,308.08,325.3,350.61,368.47,396.33,430.91,452.95,468.98,486.15,478.15,500.51,511.95,517.43,515.28,524.83,541.82,564.27,586.29,602.85,624.71,625.74,644.15,650.74,682.21,699.79,617.5
and,Andorra,17.85,19.03,20.35,22.33,23.49,25.13,27.22,29.2,31.12,32.79,34.72,36.87,39.21,41.84,44.3,45.89,48.01,50.41,52.54,53.94,55.71,52.75,52.37,53.8,55.67,57.6,59.3,62.12,64.67,68.09,70.26,75.19,80.21,84
are,UAE,93.95,100.9,107.35,117.53,127.16,132.86,140.01,150.43,166.86,179.78,200.2,212.17,215.09,224.59,247.42,273.09,289.96,327.85,364.15,405.65,417.99,436.17,444.58,450.7,468.03,478.86,496.87,519.33,544.42,600.86,643.12,699.97,795.05,902.82
arg,Argentina,9542.67,9748.23,10082.07,10419.83,10590.92,11146.19,11597.84,12003.35,12471.6,12801.73,12808.83,13093.55,13293.4,13791.03,13832.6,14073.37,14116.49,14525.28,14238.71,14474.6,14948.92,15060.41,15328.62,15632.35,15539.29,15857.66,16418.43,16474.95,16337.29,16703.85,16307.08,17786.36,19963.89,18680.28
arm,Armenia,976.87,993.93,1027.35,1045.15,1054.58,1078.87,1136.64,1180.28,1248.88,1304.05,1323.96,1345.94,1397.02,1434.85,1427.13,1298.21,1281.68,1339.63,1363.06,1391.53,1397.75,1374.45,1356.99,1268.48,1236.76,1252.75,1220.59,1222.09,1211.86,1274.72,1248.47,1284.6,1218.94,1044.21
atg,Antigua and Barbuda,17.37,17.47,18,17.71,18.93,19.77,20.24,20.09,20.48,21.58,24.4,24.86,26.37,27.18,28.48,28.29,28.01,29.02,29.5,31.27,33.37,34.61,35.71,36.15,37.35,38.81,40.78,43.03,44.01,45.42,47.44,49.21,52.74,55.52
aus,Australia,7859.51,8184.63,8461.78,8968.4,9449.66,9836.16,10310.58,10568.4,10804.25,11012.19,11174.82,11625.46,12192.7,12627.02,12903.84,13219.55,13261.01,13697,14330.96,14397.49,14650.76,14965.58,14889.72,14999.51,15134.21,15542.42,15653.89,15481.91,15873.49,16395.86,15939.85,16303.8,16467.05,16493.67
aut,Austria,4763.04,4841.88,4921.6,5004.99,5151.9,5322.51,5347.84,5345.08,5346.91,5389.64,5557.38,5545.67,5644.87,5796.02,5830.18,5993.99,6169.1,6173.25,6199.59,6337.97,6278.81,6221.62,6343.52,6356.98,6346.27,6463.32,6356.73,6402.14,6478.84,6458.99,6477.25,6484.21,6731.83,6705.24
aze,Azerbaijan,998.22,1021.65,1057.63,1098.05,1118.76,1129.64,1137.63,1137.56,1131.87,1129.95,1116.58,1105.62,1123.16,1151.15,1171.49,1214.37,1285.4,1347.68,1416.73,1476.42,1526.89,1566.99,1597.08,1637.83,1690.04,1741.37,1818.27,1896.36,1994.09,2214,2410.41,2414.58,2092.27,2178.42
bdi,Burundi,321.94,316.61,313.15,314.84,303.62,298.28,303.31,299.85,291.16,287.04,284.6,278.15,272.31,267.16,272.16,282.23,294.05,312.96,338.16,359.25,386.78,424.12,462.5,494.53,537.15,589.04,642.1,704.05,763.96,845.01,901.53,1055.28,1166.27,1338.32
bel,Belgium,8026.08,8142.92,8123.28,8251.18,8475.81,8683.2,8707.21,8676.85,8895.53,8948.08,8779.11,8767.37,8914.81,8927.46,8920.41,8961.37,9046.85,9277.72,9450.42,9432.78,9464.1,9415.03,9432.24,9436.03,9263.5,9138.52,9119.79,9024.3,8910.59,8498.93,8486.17,8426.84,9047.3,8840.89
ben,Benin,207.84,221.73,231.06,244.09,253.95,261.13,271.58,279.76,292.42,301.02,314.83,315.86,322.09,327.42,330.89,343.13,363.82,383.89,451.58,530.89,568.41,608.36,646.15,695.53,734.52,775.61,828.02,885.88,943.52,1049.94,1122.64,1170.42,1262.16,1423.06
bfa,Burkina Faso,580.7,568.16,565.91,576.5,584.03,597.63,610.44,622.95,643.22,663.31,693.33,709.8,751.21,773.7,828.93,903.61,986.42,1037.04,1095.99,1162.82,1219.71,1291.54,1357.56,1401.68,1434.71,1527.85,1604.3,1676.69,1723.09,1786.51,1773.44,1849.11,2400.2,2748.09
bgd,Bangladesh,3883.22,4653.33,4549.66,4721.69,4860.29,4959.85,5270.48,5593.9,6050.67,6575.5,6823.31,7082.47,7288.24,7351.55,7232.73,7145.75,7130.39,7181.88,7171.15,7549.97,7970.16,8258.46,8799.08,9708.43,10683.9,12251.27,13462.82,14787.07,16142.92,17776.11,19324.27,23444.53,26027.75,29650.12
bgr,Bulgaria,2671.14,2745.39,2720.96,2736.2,2774.85,2906.57,2992.09,3008.73,2919.01,2976.58,3110.79,3122.53,3194.85,3282.6,3297.22,3460.45,3437.59,3465.24,3521.2,3424.22,3397.99,3641.78,3821.96,3828.45,3951.16,3991.35,3891.14,3855.21,3846.06,3960.25,4021.34,3975.96,3800.15,3572.46
bhr,Bahrain,46.99,48.97,52.18,54.89,57.37,61.31,64.92,68.78,72.25,74.88,80.27,84.77,91.96,103.12,114.38,126,137.19,149.6,163.77,179.4,198.79,212.43,225.36,232.75,234.54,243.33,256.34,264.37,266,272.2,263.66,285.35,293.29,333.03
bhs,Bahamas,67.16,72.51,73.68,76.87,79.66,81.01,86.82,88.24,93.83,100.86,109.59,119.36,129.93,132.71,143.25,144.01,150.39,156.55,160.73,171.96,187.28,193.78,197.62,201.79,202.11,212.83,223.23,231.53,239.69,263.19,264.05,347.36,286.4,282.68
bih,Bosnia and Herzegovina,747.56,727.12,702.4,692.94,686.46,687.53,719.89,768.72,841.28,929.82,1011.42,1091.31,1156.55,1229.51,1297.4,1354.93,1380.87,1398.74,1435.37,1471.59,1483.91,1489.77,1499,1496.9,1506.06,1526.96,1540.39,1569.24,1579.78,1616.12,1640.28,1635.14,1668.88,1628.97
blr,Belarus,2912.09,3054.4,3331.61,3488.94,3602.46,3663.59,3763.55,3915.95,4136.41,4386.39,4455.61,4326.1,3809.42,3931.21,4486.15,5285.14,4659.14,4190.26,3990.78,4039.14,4122.51,4079.65,4266.58,4400.95,4328.24,4346.71,4363.89,4474.35,4579.64,4701.94,4582.74,4720.6,5145.56,5332.35
blz,Belize,9.4,9.92,10.32,10.96,11.77,12.18,13.42,14.21,15.56,16.49,17.95,19.26,20.72,22.02,23.37,25,26.19,27.97,29.99,31.99,33.77,35.31,38.05,39.35,40.97,43.37,43.95,45.46,47.32,50.41,53.29,57.49,56.4,59.82
bol,Bolivia,311.17,328.72,347.1,369.47,398.05,434.1,475.62,514.6,564.13,614.66,668.03,722.93,773.31,837.08,911.87,983.59,1065.34,1132.92,1208.11,1284.3,1367.4,1461.14,1553.25,1646.46,1731.13,1844.54,1978.12,2110.5,2271.64,2433.19,2614.03,2658.93,2724.08,2832.28
bra,Brazil,16287.35,16867.58,18050.71,19215.25,20212.24,20909.27,21674.73,22646.46,23890.16,25004.85,25916.48,27000.69,28092.98,29066.72,30216.06,30745.21,31846.13,32946.36,34749.12,35885.2,37697.91,39407.88,40663.42,42192.88,43567.47,45934.82,48053.77,49699,51762.83,53902.15,54150.19,56422.24,59462.6,62305.18
brb,Barbados,101.8,105.15,107.84,112.39,112.7,116.53,117.86,121.49,127.64,132.58,137.74,146.16,147.16,147.43,148.98,150.59,151.35,157.81,161.61,172.13,180.35,192.27,198.58,195.7,201.67,208.59,216.65,224.01,231.38,241.71,256.86,278.56,286.3,294.54
brn,Brunei,20.14,21.13,22.45,23.97,25.56,27.27,29.09,31.84,33.94,36,38.41,41.08,43.69,46.12,49.04,52.78,56.27,59.28,62.4,66.03,69.93,73.82,77.63,82.17,84.54,87.68,92.47,95.11,97.76,103.99,110.06,117.67,124.32,130.28
btn,Bhutan,21.22,23.03,24.65,25.92,26.74,28.76,30.64,33.2,33.98,35.05,37.12,39.51,41.68,43.93,45.48,46.9,47.96,49.38,50.94,52.59,55.44,58.66,62.35,66.26,70.51,75.56,81.01,86.92,92.23,97.43,104.72,110.33,117.96,125.49
bwa,Botswana,60.96,57.93,55.04,52.96,54.29,58.01,65.31,78.05,98.25,125.35,157.65,186.81,192.34,166.38,136.54,127.39,151.87,133.32,139.35,149.12,153.5,156.83,162.75,169.28,179.77,195.97,215.18,234.38,257.46,280.82,305.35,370.29,378.62,405.72
caf,Central African Republic,183.64,188.07,189.88,199.14,208.61,214.3,232.01,237.71,254.46,268.22,269.63,274.09,280.7,279.8,281.16,281.34,283.42,283.77,283.09,296.42,324.34,346.18,354.66,369.84,380.66,398.96,423.2,456.09,475.98,510.61,531.67,556.7,671.53,727.88
can,Canada,18562.18,18879.49,19323.67,19771.14,20535.99,20979.34,21668,22041.37,21971.21,22077.4,22741.3,23345.76,23727.72,23904.14,23943.81,24017.04,23969.42,24455.51,24500.41,24167.46,24384.77,24340.68,24342.56,24189.17,24521.15,25050.33,25459.34,25614.34,25715.6,25785.08,26171.55,26656.27,27471.85,28109.41
che,Switzerland,4835.83,4921.7,5029.85,5244.82,5535.46,5833.92,5869.8,5901.21,5832.69,5726.04,5903.39,6063.72,6151.25,6298.79,6259.93,6206.13,6269.99,6290.86,6598.72,6748.07,6719.69,6581.3,6548.13,6492.57,6526.24,6625.04,6571.11,6550.03,6629.11,6636.13,6427.46,6361.13,6836.42,6334.29
chl,Chile,1830.23,1883.45,1921.37,1976.22,2056.81,2189.5,2259.43,2216.54,2384.18,2457.43,2524.98,2615.24,2692.86,2796.24,2937.49,3106.35,3155.7,3267.39,3398.59,3692.67,3859.8,3947.65,4033.34,4065.18,4174.28,4308.38,4420.88,4521.48,4617.62,4916.44,4865.59,4862.17,5253.34,5416.94
chn,China,119316.88,124967.11,130341.61,135245.8,140615.54,146496.61,153076.61,158898.89,164249.09,170083.03,175674.89,179962.71,181704.24,185198.21,189002.39,197125.94,206339.35,216151.52,221785.64,226960.77,234110.68,237389.95,238279.48,241405.45,250401.03,257427.49,267947.96,280964.8,284859.02,283624.3,285801.14,309523.33,340333.56,342724.53
civ,Cote d'Ivoire,901.33,902.26,931.73,987.03,1054.01,1128.31,1234.52,1339.94,1443.65,1525.96,1624.49,1615.5,1656.28,1630.11,1660.85,1712.62,1820.74,1882.72,1990.2,2032.93,2055.61,2181.86,2465.21,2845.58,3162.5,3647.1,4160.71,4674.83,5180.46,5474.6,5919.56,6240.5,7645.42,8623.56
cmr,Cameroon,987.94,995.68,989.52,981.78,966.85,956.67,964.48,971.09,1001.3,1035.92,1098.48,1111.8,1161.69,1189.87,1234.49,1297.54,1384.73,1442.02,1574.25,1713.88,1848.71,1976.47,2146.69,2294.26,2360.8,2560.65,2795.38,3130.82,3538.14,3889.09,4311.5,4723.05,5514.75,6299.13
cod,"Congo, Dem. Rep.",2645.37,2723.22,2739.43,2746.86,2703.74,2716.14,2715.8,2756.73,2846.1,3009.56,3121.24,3206.12,3374.42,3525.11,3717.14,3971.36,4280.08,4568.08,4869.6,5228.41,5645.03,6075.93,6599.06,7262.61,8075.67,8803.12,9648,10663.6,11964.07,13299.06,14651.98,16026.9,19787.56,21698.01
cog,"Congo, Rep.",238.59,236,246.01,246.01,276.02,277.77,281.4,308.35,290.11,307.02,313.58,301.8,308.25,324.48,330.66,355.26,377.74,401.91,442.9,484.02,502.54,532.85,560.15,574.67,598.61,641.05,701.19,747.5,801.46,889.79,958.05,1026.21,1292.74,1483.54
col,Colombia,2996.69,3052.69,3175.53,3414.93,3592.32,3753.24,3942.86,4066.72,4164.57,4537.77,4861.96,5113.45,5424.02,5754.84,5940.42,5943.61,6201.21,6600.61,6905.31,7348.28,7885.69,8257.44,8686.49,8966.75,9401.08,9890.38,10641.06,11285.59,11725.91,12197.29,12489.02,13109.3,13241.01,13730.94
com,Comoros,12.23,12.99,13.71,14.35,14.9,15.2,15.97,16.24,17.37,17.7,19.47,19.86,21.68,22.34,21.81,24.15,23.61,27.27,28.26,27.99,29.03,30.06,29.94,30.16,32.39,32.7,33.48,34.26,34.14,36.06,37.19,39.31,40.04,45.19
cpv,Cape Verde,24.22,24.5,24.09,23.49,23.73,27.56,21.97,21.61,21.6,21.91,22.51,23.43,24.43,25.46,26.49,28.59,31.56,34.21,36.16,37.84,39.51,42.85,46.33,50.96,56.28,60.78,65.64,67.39,71.07,73.36,71.27,74.12,95.14,104.86
cri,Costa Rica,394.18,390.83,438.49,484.13,517.2,541.8,564.72,567.77,595.47,635.51,662.45,694.22,739.27,768.2,789,805.32,866.47,936.76,985.12,1025.54,1063.7,1089.46,1173.01,1284.83,1321.19,1333.79,1354.87,1406.95,1428.29,1509.32,1549.67,1624.96,1812.2,1992.53
cub,Cuba,2523.27,2685.21,2805.69,2858.18,2983.66,3039.49,3226.95,3194.57,3151.37,3297.58,3389.9,3559.69,3705.56,3847.61,3989.01,4092.23,4260.14,4446.96,4581.24,4747.07,4829.51,4857.37,4990.42,4971.95,5105.1,5059.57,5041.75,5050.91,5244.39,5432.08,5789.24,6785.37,5572.18,5958.88
cyp,Cyprus,211.92,224.05,248.97,253.33,275.05,283.08,300.81,319.79,349.14,364.87,372.44,385.05,413.09,457.38,483.84,549.61,574.26,620.9,632.18,635.81,653.09,681.02,705.34,723.62,746.7,792.59,760.88,812.07,822.72,853.76,887.36,959.5,963.95,899.69
cze,Czech Republic,4389.88,4575.87,4714.62,4979.01,5247.43,5439.76,5468.6,5546.92,5725.9,5802.79,5802.47,5877.75,5989.56,6065.82,6237.9,6279.23,6251.25,6103.91,6068.93,6006.02,6036.77,5978.58,5871.63,5834.03,5658.63,5677.52,5721.09,5721.04,5761.07,5890.9,6075.94,6241.6,6168.87,5907.61
deu,Germany,52943.49,55045.53,56039.26,58471.58,60182.06,62724.16,65034.73,64590.63,64424.01,64697.96,64899.65,65040.13,65946.87,66739.81,67974.56,69924.14,70903,71799.24,74464.7,74999.8,75701.24,75503.11,75493.52,76160.06,74313.2,76192.66,76003.3,76317.77,77477.4,76907.84,78641.45,79800.8,82327.56,83201.22
dji,Djibouti,29.2,30.54,33.16,38.76,33.88,36.71,36.09,34.76,35.33,34.83,34.76,34.74,35.15,34.47,37.82,39.62,42.5,46.79,50.99,53.9,58.72,63.42,69.65,76.19,80.89,91.92,100.87,115.34,122.95,135.09,137.7,152,172.92,196.39
dma,Dominica,14.51,14.88,15.14,15.58,15.98,16.3,16.47,16.38,16.49,16.62,16.93,17.34,17.79,18.4,18.62,18.59,19.08,19.59,20.33,20.97,21.44,21.46,22,22.03,22.16,22.79,23.43,23.45,23.53,24.25,25.54,25.76,25.61,27.14
dnk,Denmark,4775.82,4851.07,4945.03,4806.36,4060.29,4124.48,4139.03,4123.58,4086.02,4064.92,4155.97,4226.63,4297.62,4205.5,4227.59,4285.02,4403.29,4575.2,4532.67,4624.22,4680.51,4602.13,4498.03,4402.38,4410.84,4342.71,4354.58,4335.93,4247.92,4340.94,4363.02,4607.12,4720.18,4601.32
dom,Dominican Republic,580.81,587.84,593.31,594.83,609.87,625.86,641.58,656.34,676.3,716.59,775.71,852.87,917,952.03,983.36,1014.61,1065.42,1141.21,1231.35,1313.53,1388.55,1462.39,1506.86,1521.04,1545.41,1633.49,1727.28,1809.55,1893.78,1997.4,2098.01,2279.25,2447.84,2627.1
dza,Algeria,1264,1329.78,1415.94,1512.54,1602.04,1710.42,1807.2,1913.34,2047.65,2167.81,2303.9,2450.47,2615.31,2839.48,3102.41,3377.99,3612.01,3834.07,4056.33,4274,4504.35,4780.1,5049.57,5325.49,5593.43,5949.29,6317.97,6864.2,7444.83,8063.76,8020.83,8279.71,8892.55,9409.91
ecu,Ecuador,603.09,648.42,669.21,722.51,808.61,924.09,1103.43,1166.46,1264.97,1371.65,1473.27,1560.82,1579.8,1714.36,1705.26,1783.58,1884.99,1861.9,1954.66,2040.42,2090.04,2103.65,2260.98,2356.52,2373.2,2391.35,2533.79,2657.39,2853.5,3233.96,3311.89,3549.39,3599.07,3864.84
egy,Egypt,2282.63,2391.33,2533.36,2717.97,2862.89,3012.94,3191.04,3408.44,3635.41,3803.22,4040.67,4475.53,5083.41,5869.01,6607.75,7226.27,7771.93,8200.2,8682.81,9138.61,9419.99,9842.73,10186.01,10172.45,10834.96,11654.54,12161.63,12656.77,13102.18,13351.81,13610.76,14887.24,19305.91,21276.31
eri,Eritrea,197.62,204.89,200.45,192.65,200.17,211.01,223.93,237.55,247.27,259.18,271.24,277.6,296.74,308.6,331.78,354.42,376.33,401.86,427.23,452.88,478.63,511.61,547.37,577.45,611.65,653.58,687.7,731,785.61,836.38,881.55,894.17,1075.57,1152.03
esp,Spain,17775.65,18244.81,18599.64,19408.53,19785.75,20315.35,20376.75,20437.37,20827.34,21095.13,21243.83,21838.19,22270.08,23009.4,23248.18,24034.97,24764.85,25845.5,26446.8,26605.92,26936.62,27276.58,27668.38,27563.6,26993.08,27314.82,27114.36,27338.99,27947.34,27699.61,28434.24,27585.13,29781.02,29427.44
est,Estonia,674.54,721.34,723.57,670.91,587.31,608.59,640.83,647.94,642.35,662.3,699.14,688.65,703.07,703.24,721.42,732.38,716.14,714.82,762.34,795.33,799.45,840.5,850.27,798.48,798.11,779.16,776.06,813.27,801.4,795.89,785.99,806.67,789.55,783.97
eth,Ethiopia,1827.57,1909.28,2004.09,2105.84,2184.88,2269.66,2376.27,2465.5,2544.92,2621.38,2713.87,2811.19,2880.64,2946.71,3069.73,3293.77,3617.09,4039,4505.73,4914.15,5405.34,5847.46,6226.62,6663.15,7142.48,7541.59,8115.87,8876,9833.24,10871.78,11427.64,12530.76,16148.5,18662.96
fin,Finland,2726.97,2740.06,2878.99,2973.49,3052.1,3228.63,3247.74,3328.49,3424.81,3561.95,3596.3,3678.33,3686.96,3746.17,3839.79,4017.5,4237.33,4268.33,4269.7,4286.29,4475.32,4419.27,4566.42,4516.33,4403.17,4421.1,4581.17,4632.46,4497.16,4512.95,4655.3,4709.04,4798.34,5061.72
fji,Fiji,100.72,106.2,111.88,116.08,120.51,125.52,130.79,137.32,147.56,153.69,158.15,166.1,169.21,177.22,183.52,186.65,188.98,193.6,197.76,205.6,212.03,218.67,222.43,225.18,228.96,234.87,239.47,243.47,252.43,258.22,265.47,269.56,293.34,309.11
fra,France,32939.78,33626.79,34826.84,36412.89,37215.74,38668.67,39891.46,40629.12,41827.46,43481.63,44345.24,45180.63,46894.54,48882.34,49010.54,51378.65,52960.63,53907.33,55813.11,56528.88,56768.1,55816.37,57247.1,58227.31,58992.68,61487.45,62669.74,64061.3,64763.63,64879.53,64786.12,62086.56,68885.46,70710.05
fsm,"Micronesia, Fed. Sts.",8.36,8.74,9.08,9.5,9.94,10.31,10.77,11.21,11.69,12.02,12.89,12.62,13,13.28,13.54,13.7,13.81,13.83,13.82,14.03,14.33,14.78,15.25,15.67,16.03,16.42,16.8,17.21,17.54,17.67,18.12,20.03,19.1,19.82
gab,Gabon,109.16,116.68,120.37,115.43,117.39,122.95,121.33,126.06,127.92,125.5,130.33,135.41,143.75,149.82,160.78,184.41,200.23,206.18,211.72,223.73,230.59,240.44,274.57,327.31,363.99,384.16,390.27,397.63,406.97,432.11,464.86,509.95,623.37,697.84
gbr,UK,43996.89,44659.91,44883.22,45988.83,45712.16,46228.8,45911.43,45682.92,46038.99,46466.69,46406.45,46960.83,47230.49,47564.52,47104.77,48038.39,48329.98,48832.67,49617.48,48844.92,49038.59,49304.8,50054.76,49741.43,48962.6,49822.89,49508.27,49435.51,50187.38,49906.41,50865.65,49428.01,50547.57,54820.7
geo,Georgia,2045.76,1997.92,1957.19,1818.48,1706.67,1657.59,1677.37,1719.62,1805.5,1901.74,1940.19,1992.96,2014.72,1955.31,1881.5,1797.69,1873.88,1846.46,1909.56,1973.63,2060.14,2129.57,2146.04,2085.5,2085.69,2237.96,2350.82,2313.76,2194.07,2066.06,2066.36,2008.38,1902.66,1859.22
gha,Ghana,1215.93,1257.66,1303.48,1358.21,1408.05,1413.66,1424.33,1433.13,1461.37,1464.75,1485.54,1502.95,1541.43,1547.19,1595.17,1674.69,1786.19,1871.35,1930.46,1999.5,2074.8,2243.32,2358.46,2428.12,2464.57,2561.67,2698.24,2825.66,3114.91,3442.18,3765.5,4245.3,5096.7,5634
gin,Guinea,309.49,323.48,339.6,355.15,368.52,383.64,393.31,399.54,405.26,407.48,411.3,411.06,411.18,412.94,414.9,427.95,454.04,468.73,488.07,517.33,547.13,574.48,610.41,646.74,678.51,705.65,739.06,776.11,834.68,933.26,971.15,1050.97,1324.69,1454.16
gmb,Gambia,36.04,38.35,41.84,42.19,41.52,48.12,45.22,45.41,50.2,56.17,53.32,52.02,53.98,57.39,66.43,72.9,74.28,77.7,77.1,84.06,88.85,87.48,95.35,100.61,113.53,113.02,129.3,155.33,162.12,184.51,184.21,201.33,241.6,263.48
gnb,Guinea-Bissau,52.56,53.68,54.48,55.2,56.81,55.66,62.85,61.77,56.72,56.83,57.02,59.2,61.64,64.6,68.13,76.16,76.84,81.48,91.04,96.14,103.42,112.47,125.3,135.87,142.28,153.97,169.9,185.64,204.22,228.98,224.18,224.46,286,319.44
gnq,Equatorial Guinea,32.66,34.62,36.31,37.86,37.79,39.96,41.64,46.48,49.71,54.13,58.45,61.92,63.8,65.45,68.84,75.73,81.53,89.36,99.78,108.06,105.71,108.11,127.64,152.18,179.27,176.43,184.03,219.95,245.11,261.15,281.51,343,439.42,517.97
grc,Greece,6261.53,6481.8,6701.55,6952.6,7149.08,7243.3,7380.15,7354.67,7405.58,7644.29,7989.49,8260.54,8454.29,8540.88,8815.18,8847.51,8893.82,8713.43,8766.54,8291.87,8234.42,7873.46,8105.04,8057.17,8269.7,8539.92,8633.27,8737.47,8619.21,8670.97,8709.3,8975.66,8793.28,8851.31
grd,Grenada,19.32,20.03,20.2,20.23,21.02,21.16,22.34,23.06,23.97,24.02,24.64,25.31,26.93,27.66,27.36,27.48,28.95,30.7,31.84,32.59,34.1,35.7,37.25,37.36,37.57,37.09,37.6,37.85,38.71,40.29,40.36,41.88,43.18,45.59
gtm,Guatemala,210.75,220.15,252.75,289.47,302.12,320.54,317.62,320.06,367.04,399.93,457.71,458.5,486.01,515.2,582.83,599.12,660.6,624.03,685.08,730.01,810.95,861.12,916.39,926.6,944.53,1035.33,1069.47,1174.5,1208.11,1194.98,1249.09,1371.77,1470.31,1533.11
guy,Guyana,73.29,70.2,70.89,72.65,71.38,71.77,81.1,83.81,81.49,92.48,109.87,102.97,107.58,102.56,105.04,110.19,109.7,118.83,121.48,122.99,125.43,131.47,139.15,140.6,144.71,140.54,136.02,133.98,142.5,146.44,171.32,195.6,202.85,229.2
hnd,Honduras,127.64,140.54,146.62,158.32,168.69,173.43,191.76,201.35,212.1,224.71,238.3,254.18,270.22,286.18,300.71,312.73,326.1,340.95,357.35,371.99,390.82,417.04,442.43,461,482.24,506.41,527.19,551.1,581.66,617.8,611.21,723.89,746.65,769.97
hrv,Croatia,1986.19,2048.75,2088.18,2110.92,2154.62,2255.11,2204.77,2287.61,2332.87,2379.37,2391.65,2431.11,2419.79,2482.94,2548.7,2609.38,2593.77,2592.83,2609.93,2675.44,2779.94,2747.63,2896.98,2932.54,2917.84,2838.55,2757.78,2589.43,2440.63,2391.06,2365.17,2381.46,2426.1,2297.91
hti,Haiti,506.4,495.4,514.9,521.86,515.71,533.92,544.87,577.59,564.37,596.32,615.22,644.45,665.52,693.7,727.09,747.95,785.84,840.88,882.62,921.47,934.32,976.43,1041.15,1120.95,1181.87,1243.66,1317.14,1415.47,1548.81,1678.76,1750.36,1995.76,2225.96,2421.87
hun,Hungary,4252.9,4424.23,4552.52,4732.66,4930.65,5004.15,5272.51,5464.54,5603.47,5762.59,5844.36,5835.72,5825.02,5877.91,5875.3,5766.29,5650.4,5534.49,5617.6,5731.84,5568.17,5572.53,5575.36,5598.51,5596.45,5681.87,5683.77,5615.24,5573.24,5655.76,5804.99,5799.48,5742.77,5625.08
idn,Indonesia,10246.18,10661.27,11125.16,11629.4,12193.57,12757.26,13404.22,14149.81,14708.47,15244.76,15721.4,16050.62,16626.46,17402.77,20126.98,19564.13,20813.59,22406.77,24356.68,26421.01,28555.92,30723.66,32380.77,33850,35440.75,37269.02,39419.44,41850.47,44636.32,47506.87,51896.58,59623.05,56752.32,60408.4
ind,India,35066.37,36428.15,36895.04,37088.56,37621.22,39424.61,42424.1,45624.43,48736.43,50796.41,52813.84,54975.5,57003.62,58309.7,59636.02,62026.45,65901.35,70583.62,73568.32,77061.02,81802.53,85180.33,90319.43,98371.18,109106.83,118826.03,126646.07,133230.16,139143.49,146377.56,158378.37,177635.89,187718.1,202596.27
irl,Ireland,1901.65,1992.73,2048.42,2082.8,2113.19,2123.54,2169.8,2171.56,2212.95,2328.13,2394.31,2427.66,2393.98,2497.09,2651.96,2785.92,2870.03,2864.07,3017.6,2971.08,2956.32,3004.95,3150.34,3240.43,3317.99,3336.48,3447.32,3512.99,3575.68,3480.26,3643.73,3494.41,3902.05,4084.12
irn,Iran,2292.48,2447.46,2658.1,2835.54,3001.05,3170.58,3356.33,3546.19,3777.3,4055.42,4391.92,4736.39,5087.26,5777.61,5813.24,6203.53,6611.1,7074.14,7582.52,8174.66,8777.65,9385.68,9830.07,10364.97,10982.64,11791.51,12797.54,13791.8,14487.07,15454.9,16084.84,15514.9,15544.2,16478.14
irq,Iraq,1315.43,1356.38,1434.32,1524.88,1608.4,1698.33,1796.21,1923.73,2094.61,2288.9,2494.52,2703.91,2917.04,3105.55,3375.36,3644.48,3948.07,4275.62,4598.11,4966.99,5431.07,5945.07,6480.29,6947.56,7475.78,7940.35,8478.61,9032.22,9729.5,10749.43,11894.61,13168.29,14249.49,15290.42
isl,Iceland,126.38,129.24,134.23,140.85,146.33,152.22,149.88,153.85,155.4,153.07,151.11,152.13,158.54,159.79,164.93,167.85,175.38,181.76,183.66,177.98,169.91,176.13,188.45,197.64,203.01,208.65,207.05,202.53,204.71,208.88,207.76,211.83,222.67,233.22
isr,Israel,1949.72,2137.27,2288.36,2435.32,2602.48,2840.1,2891.75,2966.48,3250.86,3204.04,3266.39,3300.39,3329.47,3420.14,3517.97,3595.26,3693.34,3883.22,3957.47,3859.57,3836.75,3962.43,4055.4,4151.56,4146.21,4220.34,4286.59,4405.9,4482.11,4577.39,4564.64,4740.44,4910.95,4935.41
ita,Italy,39444.17,40452.92,40454.36,42090.95,43251.23,44480.57,45478.65,45768.17,46088.15,46176.56,47418.13,48415.23,48764.63,50011.53,48485.47,49885.3,50754.39,52451.53,53437.43,53332.74,52436.29,51737.39,52184.15,51332.61,51359.35,52671.48,51524.6,52687.45,52182.45,52094.72,52532.12,51492.66,52207.9,51113.41
jam,Jamaica,399.38,413.7,419.35,431.41,449.29,484.23,544.93,586.25,614.78,640.6,677.86,711.5,698.02,717.01,710.61,691.68,700.43,728.88,776.53,774.18,812.87,850.25,915.94,984.07,1023.11,1060.57,1097.73,1126.81,1153.67,1190.72,1232.42,1335.52,1284.24,1300.41
jor,Jordan,255.59,275.76,301.22,316.7,339.34,359.64,379.36,405.95,435.39,466.32,506.54,552.82,595.15,624.8,696.81,807.4,916.9,992.33,1084.34,1204.36,1329.23,1475.02,1608.48,1737.28,1897.5,2047.75,2201.38,2369.03,2538.58,2737.86,3041.98,3613.03,3384.93,3563.61
jpn,Japan,26195.17,27614.95,29052.61,30729.29,32862.85,35969.03,37976.21,40260.13,41892.69,43763.23,45005.94,46878.51,47377.36,48977.79,51778.64,54056.68,55952.27,58269.98,61130.6,62288.15,65688.8,67490.86,68256.42,70868.57,72342.87,74174.52,75962.09,78039.84,79352.79,80019.74,78533.29,78873.94,83947.75,87972.06
kaz,Kazakhstan,3201.27,2615.17,2510.38,2500.89,2547.25,2498.46,2579.16,2617.46,2642.03,2786.93,2805.12,2797.06,2858.41,2829.91,2808.21,2911.62,3031.71,3089.76,3263.33,3313.63,3409.97,3479.75,3597.72,3524.94,3416.87,3441.75,3466.35,3489.79,3549.61,3506.02,3683.79,3820.98,3270.8,3421.2
ken,Kenya,1391.7,1399.05,1414.38,1444.71,1485.26,1536.16,1606.91,1688.54,1797.15,1914.4,2070.04,2130.16,2234.29,2271.65,2415,2494.05,2576.14,2725.02,2920.33,3167.24,3453.63,3723.28,3994.04,4151.19,4318.41,4699.53,5107.62,5625.41,6125.41,6589.27,6897.58,8140.97,8697.6,9438.03
kgz,Kyrgyz Republic,540.97,539.91,564.05,591.5,620.89,601.11,587.49,579.17,553.24,555.06,485.76,483.85,497.79,527.46,536.12,536.47,564.9,586.7,604.36,631.47,618.81,667.11,655.15,640.58,670.65,680.87,678.61,727.45,771.61,713.79,625.33,702.64,730.99,825.68
khm,Cambodia,475.03,504.84,541.23,581.14,616.6,650.55,671.72,694.29,726.17,741.37,763.03,810.37,855.16,888.24,935.72,1000.81,1054.1,1138.94,1201.07,1266.86,1341.65,1405.75,1493.01,1573.92,1634.96,1707.19,1781.88,1825.97,1905.49,2013.39,2122.24,2104.04,2353.45,2652.65
kir,Kiribati,3.5,3.62,3.73,3.91,4.18,4.51,4.77,5.06,5.44,5.79,6.14,6.39,6.64,6.84,7.02,7.22,7.41,7.63,7.84,8.11,8.32,8.49,8.65,8.83,9,9.25,9.55,9.91,10.58,10.76,11.3,12.34,12.84,13.49
kna,St. Kitts and Nevis,10.94,10.28,10.09,10.06,10.57,10.71,10.98,11.1,11.33,11.97,12.59,12.59,13.76,13.73,13.89,14.04,14.79,15.3,15.58,16,16.31,17.09,17.33,17.74,17.42,17.7,18.01,18.66,19.23,20,21.25,21.85,21.8,22.82
kor,South Korea,2580.82,2724.55,2860.6,3036.8,3288.4,3590.25,3961.25,4411.31,4672.48,4947.02,5186.22,5378.98,5782.39,6265.17,6835.08,7474.88,8061.98,8744.36,9404.57,9992.21,10545.65,10873.02,11484.46,12164.72,12672.24,13297.41,13808.57,14135.76,14753.83,15148.55,15620.01,15473.35,15870.07,16443.02
kwt,Kuwait,152.85,160.52,156.9,154.06,154.32,164.85,171.85,163.89,184.87,188.71,205.99,242.44,235.16,255.45,264.63,292.25,320.1,370.56,407.23,463.95,551.49,613.88,675.16,698.08,769.11,805.13,873.61,918.45,977.12,1049.18,992.82,1029.46,1161.51,1214.03
lao,Lao,169.88,179.87,190.95,204.45,218.15,227.77,239.96,252.27,267.42,279.57,289.54,305.03,319.97,335.45,351.67,372.91,397.21,429.4,464.16,512.26,562.3,619.93,668.98,740.59,810.32,893.12,969.15,1042.29,1118.26,1209.19,1321.31,1402.47,1608.83,1741.78
lbn,Lebanon,284.45,294.17,312.78,329.92,354.83,379.41,406.5,435.31,460.75,508.8,547.35,589.7,623.7,658.76,690.47,724.91,774.82,842.02,924.57,1013.84,1099.98,1223.32,1354.85,1495.65,1629.22,1727.77,1746.09,1855.91,2136.68,2697.7,3212.06,2063.99,2634.18,2731.36
lbr,Liberia,153.1,148.19,137.99,142.04,144.71,140.12,148.38,142.78,152.73,162.27,174.24,178.36,187.28,190.96,200.67,208.63,235.21,252.7,278.49,308.76,337.79,362.73,410.47,459.02,483.65,519.6,559.37,628.98,709.48,798.46,863.11,1047.22,1163.7,1291.93
lby,Libya,199.74,219.89,238.98,259.44,279.13,295.88,315,334.06,366.61,403.33,436.29,473.72,509.4,551.65,610.62,680.4,744.01,793.58,841.59,891.15,943.69,999.09,1063.32,1072.6,1099.65,1108.19,1105.64,1164.59,1243.21,1325.54,1431.47,1685.02,1497.35,1567.67
lca,St. Lucia,27.68,28.22,28.62,28.4,29.64,29.58,30.99,30.65,30.71,32.6,34.58,35.74,38.13,38.5,40.21,39.47,40.31,40.88,42.3,45.93,49.54,51.63,54.59,53.6,52.92,54.15,52.4,54.58,57.37,58.15,59.22,65.92,65.51,70.7
lka,Sri Lanka,1249.92,1305.49,1354.24,1409.45,1496.02,1547.88,1688.27,1738.15,1862.53,1879.53,1893.84,1983.32,2018.81,2059.93,2504.39,2334.79,2539.71,2708.34,2887.87,3020.25,3192.12,3341.7,3492.18,3700.3,3878.24,4064.53,4262.71,4531.85,4648.1,4671.68,4851.8,5136.95,6831.3,7292.5
lso,Lesotho,128.09,129.08,127.8,126.2,123.73,121.7,122.92,125.69,126.73,129.77,136.76,179.57,217.99,193.79,173.9,142.49,114.59,102.72,106.65,118.27,127.89,137.03,142.08,146.78,151.17,155.67,158.62,162.89,167.91,172.15,171.65,192.37,212.3,220.96
ltu,Lithuania,1560.79,1581.09,1616.31,1488.91,1423.19,1395.36,1487.91,1566.55,1533.99,1533.75,1581.69,1624.28,1703.42,1768.21,1742.67,1662.96,1557.43,1603.29,1686.63,1775.75,1761.93,1734.2,1714.36,1675.82,1633.12,1647.12,1598.52,1575.2,1614.75,1675.38,1657.05,1684.44,1713.92,1683.19
lux,Luxembourg,258.63,257.43,250.03,269.66,282.98,293.97,283.64,285.14,282.74,295.22,308.88,311.89,307.64,315.13,314.8,327,348.45,351.62,371.43,383.01,392.17,384.72,376.79,386.8,391.83,397.22,386.66,383.16,383.36,389.15,388.12,379.14,387.69,418.88
lva,Latvia,1217.1,1269.19,1297.82,1337.71,1319.09,1282.23,1130.27,1086.76,1062.67,1094.47,1137.23,1135.38,1175.3,1168.09,1201.56,1179.87,1173.99,1146.04,1226.44,1269.1,1257.73,1267.58,1241.24,1226.88,1225.39,1246.34,1237.56,1193.98,1178.56,1193.95,1215.6,1223.28,1219.95,1149.41
mar,Morocco,1286.23,1357.86,1418.29,1486.92,1563.07,1628.83,1717.2,1789.16,1906.01,2018.76,2149.88,2293.49,2417.7,2626.93,2831.55,3024.1,3237.17,3486.52,3768.81,4075.79,4383.51,4736.45,5113.06,5583.04,6042.27,6515.49,7096.27,7601.13,8276.62,9088.71,10132.38,11282.36,11636.73,11697.57
mco,Monaco,37.24,37.64,37.91,38.64,39.58,40.65,41.52,42.1,42.74,42.59,42.27,42.19,42.16,42.87,43.68,45.72,46.43,47.4,48.79,50.44,51.72,50.84,52.04,52.84,52.75,54.51,54.26,54.4,54.28,55.55,55.54,60.51,64.2,67.51
mda,Moldova,1170.04,1072.06,1113.3,1180.28,1168.29,1150.34,1143.5,1092.09,1071.24,1153.36,1137.67,1171.45,1211.64,1232.65,1231.32,1213.78,1284.58,1345.86,1429.5,1467.14,1411.2,1492.2,1467.6,1510.07,1470.24,1527.65,1536.95,1572.33,1532.49,1475.57,1328.73,1227.39,1325.99,1457.62
mdg,Madagascar,1187.56,1248.86,1297.24,1314.19,1352.2,1378.4,1364.74,1333.54,1319.92,1338.61,1325.46,1317.99,1287.6,1267.09,1264.15,1292.76,1338.81,1405.22,1464.65,1506.89,1553.45,1608.85,1667.87,1730.44,1801.1,1903.16,2027.09,2166.52,2360.72,2560.72,2553.91,2971.92,3890.54,4404.48
mdv,Maldives,7.11,7.81,8.52,9.14,9.68,10.64,11.92,13.18,14.15,15.31,16.7,18.16,19.43,21.01,22.85,23.87,25.5,27.26,28.83,30.2,31.55,32.94,33.98,35.09,36.24,37.95,39.63,41.89,44.37,47.69,49.28,49.34,51.07,51.72
mex,Mexico,5830.11,6268.57,6773.57,7274.89,7744.66,8220.07,8758.92,9225.72,9732.44,10137.19,10430.58,10870.04,11492.89,11899.02,12538.61,12790.24,13300.24,13658.33,14171.54,14084.97,14955.35,15639.33,16453.65,16666.2,17610.56,18725.09,19839.41,21013.72,21978.94,22830.09,23545.42,24804.41,23910.74,24506.32
mhl,Marshall Islands,3.73,3.87,4.01,4.16,4.31,4.46,4.61,4.79,5.02,5.19,5.47,5.58,5.83,6.07,6.27,6.45,6.61,6.81,7.01,7.33,7.64,7.95,8.26,8.59,8.87,9.13,9.41,9.7,9.96,10.27,10.78,11.81,11.95,12.45
mkd,North Macedonia,409.64,424.54,429.85,435.69,455.43,486.05,509.69,535.15,549.59,575.3,599.79,601.58,609.77,616.01,632.56,664.09,675.33,702.93,717.32,730.22,742,753.84,757.38,752.46,764.14,787.69,801.27,832.09,859.22,931.44,930.95,903.75,933.04,897.36
mli,Mali,593.87,606.61,617.26,630.24,637.95,655.55,674,679.48,695.84,707.76,726.18,742.51,778.03,822.79,882.99,940.49,1032,1148.68,1244.97,1351.7,1451.84,1562.55,1622.74,1733.15,1858.34,2094.21,2337.61,2551.16,2761.97,2946.72,2998.31,3379.23,4040.48,4454.75
mlt,Malta,214.35,226.39,231.17,250.33,256.51,260.78,256.02,251.83,266.77,272.18,285.41,275.42,268.34,273.69,278.93,293.11,306.04,307.24,301.8,321.27,316.6,314.45,309.78,316.8,318.45,327.77,327.58,324.89,350.7,362.51,375.87,395.96,398.38,395.64
mmr,Myanmar,3403,3626.72,3828.24,4027.21,4220.31,4432.32,4612.72,4829.11,5087.54,5286.81,5505.48,5672.24,5831.21,5959.7,6140.49,6329.66,6414.56,6521.66,7566.32,6725.68,6861.31,7072.22,7196.64,7544.73,7975.67,8357.59,8868.35,9366.96,9901.96,10670.72,11551.71,13108.46,13394.39,14540.6
mne,Montenegro,225.8,226.08,230.81,237.13,246.05,253.93,253.71,266.86,281.59,290.8,300.56,312.24,324.13,335.54,337.01,336.94,358.85,355.14,354.74,374.46,383.01,392.73,402.95,414.86,421.46,435.99,444.13,429.57,449.54,424,439.38,411.79,437.05,462.48
mng,Mongolia,62.64,67.48,70.9,73.89,76.84,83.85,90.57,95.46,99.61,102.28,105.27,106.03,105.93,107.01,108.64,113.12,118.45,124.77,131.35,136.98,141.49,146.97,154.4,161.19,164.97,166.67,166.25,172.12,176.41,176.28,182.52,214.73,215.86,222.18
moz,Mozambique,586.5,575.37,569.45,564.19,560.14,568.45,576.43,581.61,592.57,603.38,614.9,614.9,633.3,630.63,635.82,638.24,636.48,627.07,644.29,635.94,628.19,625.86,632.3,636.08,629.05,642.93,665.86,696.17,733.78,796.01,851.46,885.03,1026.38,1125.88
mrt,Mauritania,118.76,121.73,127.46,135,132.45,137.19,146.89,155.47,169.67,172.75,185.96,196.42,209.88,214.68,235.28,251.9,283.78,289.43,299.27,334.14,347.57,359.34,388.49,412.85,416.2,436.16,447.98,505.11,535.4,609.76,597.99,686.76,857.92,966.18
mus,Mauritius,92.03,94.09,115.89,139.29,150.69,150.5,159.85,170.64,187.93,214.36,224.16,241.45,252.22,271.46,283.06,293.18,282.35,284.01,303.26,312.76,319.41,351.05,371.36,396.37,395.01,422.38,440.14,444.83,441.17,452.19,477.68,513.64,536.42,552.01
mwi,Malawi,604.48,570.59,541.56,521.26,498.24,494.16,492.93,503.5,516.15,525.74,555.14,576.4,608.11,622.44,657.59,672.88,647.28,646.39,683.28,745.98,847.79,937.29,1016.99,1073.84,1129.14,1194.01,1259.94,1350.71,1499.57,1652.64,1749.88,2272.4,2393.94,2679.26
mys,Malaysia,1349.53,1467.88,1561.92,1659.19,1801.02,1912.91,2062.07,2211.73,2410.66,2557.85,2750.56,2946.37,3117.5,3273.71,3468.37,3685.42,3891.35,4113.34,4325.94,4517.36,4785.54,5034.94,5350.84,5771.66,6083.13,6408.62,6762.28,7063.55,7333.53,7466.2,7808.01,8869.62,9437.58,9653.86
nam,Namibia,148.86,155.49,159.17,157.73,153.85,146.53,141.41,139.25,140.58,145.8,153.12,157.45,166.77,182.78,184.33,183.67,189.65,217.32,257.6,285.95,311.18,344.8,382.81,408.84,414.36,427.07,447.49,479.45,537.97,599.7,631.37,723.58,740.91,784.43
ner,Niger,435.92,453.63,468.94,490.36,509.4,526.61,552.76,574.94,596.12,605.84,634.5,638.42,667.95,675.2,694.98,715.22,773.47,805.27,848.39,895.32,936.54,970.18,1024.61,1096.34,1151.75,1232.01,1319.76,1436.01,1555.64,1687.65,1716.79,1902.44,2243.61,2455.7
nga,Nigeria,8327.32,8721.14,8667.13,8837.9,8938.83,9087,9378.13,9666.35,10080.73,10453.72,11109.34,11564.87,12294.48,12727.54,13406.61,14074.47,14898.19,15540.46,16257.54,17383.47,18645.91,19620.46,21316.14,24001.53,25635.81,27075.49,27898.28,29812.83,31609.58,33662.54,36113.64,39636.69,47815.94,53535.53
nic,Nicaragua,153.26,161.35,173.08,190.36,205.07,215.44,225.58,238.9,285.16,275.32,296,314.61,335.87,361.26,379.21,398.23,423.48,448.67,475.92,504.68,535.72,568.79,605.69,644.24,687.03,728.64,770.11,813.08,875.39,988.51,1032.7,1183.12,1181.66,1100.82
nld,Netherlands,9715.07,9992.54,10181.52,10515.39,10659.01,10790.1,11196.74,11454.12,11716.49,12159.15,12133.3,12400.9,12776.68,12831.34,12915,13016.26,13375.2,13529.33,14008.87,13834.15,14202.68,14338.09,14302.13,14244.04,13894.43,14472.31,14355.13,14084.55,13848.19,13678.29,13555.28,14051.61,14214.27,13783.48
nor,Norway,2092.2,2093.11,2205.12,2329.88,2441.24,2511.26,2627.42,2609.43,2638.22,2626.75,2709.63,2750.13,2742.23,2742.58,2739.28,2772.76,2804.05,2782.71,2750.2,2816.82,2840.45,2774.68,2794.51,2815.54,2822.02,2715.02,2785.82,2738.55,2856.34,2800.56,2708.94,2505.96,2627.12,2820.01
npl,Nepal,542.5,580.96,610.89,629.27,655.58,681.67,711.57,751.64,787.75,822.28,859.87,892.44,926.76,968.58,1004.09,1040.14,1071.33,1095.71,1123.89,1169.54,1193.03,1220.81,1265.32,1331.64,1409.58,1453.14,1539.16,1618.49,1697.87,1799.76,1892.13,2210.09,2349.24,2692.36
nru,Nauru,1.83,1.86,1.89,1.93,1.96,1.98,2,2.04,2.1,2.15,2.19,2.19,2.2,2.19,2.19,2.19,2.18,2.17,2.2,2.27,2.36,2.45,2.56,2.68,2.82,2.97,3.16,3.35,3.56,3.77,4.17,4.96,4.68,4.88
nzl,New Zealand,1769.33,1761.68,1779.91,1823.58,1876.48,2008.2,2232.28,2269.49,2286.39,2305.53,2316.94,2351.44,2407.14,2516.93,2562.32,2597.62,2552.79,2639.68,2653.29,2734.56,2785.06,2822.35,2833.4,2866.58,2949.11,3115.11,3207.74,3267.51,3285.75,3288.35,3231.61,3416.07,3630.99,3857.66
omn,Oman,42.67,43.33,47.13,50.29,55.61,61,65.31,70.81,77.07,83.31,91.24,97.48,104.63,110.17,114.06,118.65,124.67,129.06,136.8,145.77,156.93,168.42,179.71,193.39,208.38,219.41,232.85,249.5,265.51,286.33,295.95,344.06,346.06,387.31
pak,Pakistan,8600.6,8991.19,9270.85,9541.92,9736.12,9994.96,10368.72,10831.9,11455.9,12092.95,12868.93,13483.1,14133.45,14662.32,15378.99,16713.41,16893.4,18042.28,19360.45,20858.77,22222.08,23419.24,24699.26,26416.41,27984.13,29609.92,31366.87,33117.31,34717.77,37159.08,41771.24,49151.73,47583.55,49586.26
pan,Panama,236.44,256.79,278.56,298.35,314.57,325.8,316.9,327.57,346.66,364.59,408.29,419.13,414.06,434.32,469.83,487.32,496.86,531.16,563.88,599.95,640.25,679.34,726.67,761.21,794.36,828.28,870.59,904.61,948.57,1027.51,1034.38,1050.91,1100.62,1172.24
per,Peru,1488.93,1591.15,1688.88,1882.94,2077.91,2347.96,2684.74,2846.35,3034,3248.42,3324.24,3434.28,3551.43,3825.34,4096.01,4180.48,4274.38,4569.55,4842.9,4932.5,5080.74,5219.02,5404.31,5614.1,5797.18,6005.91,6483.68,7200.4,7820.94,8473.59,8705.81,11968.52,11328.56,11893.97
phl,Philippines,5337.18,5542.21,5816.31,6194.18,6563.16,6910.19,7285.25,7652.02,8043.31,8559,9110.49,9622.3,10035.91,10169.63,10333.81,10772.78,11104.88,11412.32,11931.82,12553.4,13165.91,13808.48,14586.28,15350.75,16004.96,16856.44,17816.45,18571.62,19321.47,20357.91,20852.95,24087.01,24755.62,24767.88
plw,Palau,3.43,3.67,3.91,4.17,4.47,4.78,5.04,5.27,5.55,5.73,5.88,6.02,6.15,6.3,6.42,6.45,6.37,6.26,6.17,6.19,6.21,6.24,6.37,6.51,6.81,7.12,7.39,7.55,7.76,8.42,8.9,9.85,9.36,9.54
png,Papua New Guinea,290.79,303.69,318.77,336.16,355,369.46,392.24,404.64,419.22,442.35,450.67,449.44,455.51,455.77,455.57,463.91,479.78,525.71,550.75,567.93,637.93,694.04,730.82,732.36,783.44,859.78,867.42,910.18,943.04,1035.46,1058.07,1103.64,1311.85,1395.77
pol,Poland,9804.05,10093.15,10638.47,10995.52,11312.58,11803.81,12219.29,12729.72,13196.79,13717.31,13985.9,14392.85,14778.32,15287.04,15538.85,16081.93,16501.87,16708.59,17039.07,17220.86,17425.25,17777.41,18045.23,18464.77,18841.02,19299.25,19307.93,19605.97,19822.41,19945.71,19962.2,19000.25,19270.58,19125.92
prk,North Korea,1476.64,1553.22,1621.32,1682.72,1749.37,1799.39,1856.79,1914.6,1989.09,2082.33,2173.14,2275.4,2386.14,2523.65,2702.24,2886.12,3050,3195.08,3340.25,3488.96,3661.54,3831.63,4033.59,4187.93,4359.25,4550.73,4778.3,5020.04,5316.56,5625.69,5823.49,6120.82,6615.72,6808.97
prt,Portugal,5027.99,5324.19,5571.57,5690.98,5880.32,6067.87,6416.38,6563.96,6762.13,6840.31,7006.29,7234.05,7333.92,7577,7706.76,8655.08,9040.15,8750.32,8690.63,8684.89,8833.33,8744,9100.21,8828.63,8666,8899.2,9277.11,9225.08,9331.16,9608.81,9708.16,9221.45,10056.95,9830.75
pry,Paraguay,320.38,348.38,378.15,410.89,442.67,466.07,492.98,521.29,551.23,576.16,594.76,631.52,672.25,704.07,738.44,781.41,810.35,851.87,876.15,900.91,942.74,985.92,1028.34,1051.93,1101.81,1148.5,1190.44,1246.3,1306.79,1379.44,1427.69,1538.64,1401.41,1504.15
pse,Palestine,129.58,135.84,143.55,152.04,161.46,170.48,179.24,189.42,202.46,216.43,230.88,246.12,260.66,277.18,296.13,316.52,338.6,362.74,391.61,426.7,466.27,502.4,534.94,562.14,600.01,635.62,677.58,727.37,767.59,810.36,814.8,870.75,953.22,1032.07
qat,Qatar,25.66,27.32,30.4,34.72,37.2,38.63,40.73,44.47,46.99,50.87,55.69,60.37,66.55,72.17,76.22,81.95,88.74,95.54,103.91,115.25,128.12,138.8,148.1,158.96,175.14,185.34,194.82,208.53,224.46,248.16,261.56,284.14,327.87,396.55
rou,Romania,5327.4,5474.35,5542.86,5678.85,5912.71,6298.56,6402.03,6456.16,6742.11,7099.31,7294.15,7457.51,7595.85,7671.39,7867.86,8074.86,8111.01,8120.18,8131.76,8372.06,8467.54,8562.94,8712.52,9041.49,9314.54,9592.78,9663.04,9709.73,9554.78,9392.47,9280.85,9405.51,9399.9,9245.69
rus,Russia,38577.07,39854.29,41742.11,43560.25,44547.72,44373.83,45393.37,46995.94,48067.7,49592.86,50494.22,50653.53,52203.84,54138.44,55595.08,56436.51,56922.4,58488.07,60818.43,62721.77,64886.85,66056.79,66996.75,68216.72,68977.11,71576.99,71930.2,72328.9,73249.14,73034.71,72831.02,71164.84,67250.32,68256.11
rwa,Rwanda,702.97,737.66,765.7,780.37,910.84,653.01,557.15,614.33,653.12,632.29,597.58,560.79,546.49,541.23,567.88,627.14,708.03,764.16,809.04,861.08,898.22,948.07,999.84,1073.23,1134.66,1199.97,1255.73,1345.66,1471.66,1624.84,1743.81,1925.01,2424.15,2835.93
sau,Saudi Arabia,438.22,483.38,536.11,597.08,663.56,716.1,772.12,836.73,911.42,996.59,1096.14,1205.4,1326.88,1453.72,1584.59,1760.53,1966.41,2186.74,2418.71,2629.7,2807.37,2927.58,2982.84,2977.69,3009.79,2951.19,2987.26,3080.44,3136.93,3315.54,3566.81,3861.1,4004.63,4025.39
sdn,Sudan,705.69,737.09,765.89,796.98,809.78,835.44,861.62,887.23,925.91,947.51,977.65,1008.38,1039.8,1075.13,1122.29,1161.93,1225.58,1293.6,1387.03,1502.23,1592.48,1685.67,1768.96,1902.15,2064.47,2244.02,2447.49,2654.52,2847.49,3110.01,3564.14,3949.85,4151.52,4377.31
sen,Senegal,329.1,352.09,369.62,384.77,401.96,408.77,435.93,441.66,462.46,480.55,463.66,628.71,641.8,597.6,636.94,651.9,657.84,726.78,804.08,858.25,811.07,841.24,817.72,866.23,958.37,971.95,1096.13,1177.97,1238.8,1464.7,1460.45,1536.15,2131.29,2473.36
sgp,Singapore,591.24,630.4,654.97,717.88,758.21,794.84,863.32,931.49,946.27,1049.79,1087.12,1213.29,1247,1240.44,1287.64,1398.39,1529.09,1641.51,1785.7,1895.34,1909.64,1982.78,2059.06,2180.56,2194.8,2253.21,2341.15,2469.97,2529.46,2505.08,2505.57,2634.95,2686.19,2778.38
slb,Solomon Islands,19.1,20.53,21.19,22.46,23.98,24.92,26.38,28.42,30.47,31.91,34.17,34.38,34.83,35.77,36.43,38.42,40.66,41.32,41.88,48.18,50.32,60.27,67.2,74.01,83.85,90.39,93.78,101.1,107.21,116.24,125.42,132.62,151.19,161.33
sle,Sierra Leone,270.07,280.98,293.06,297.65,305.11,309,305.23,294.27,298,288.54,286.08,275.94,278.9,283.47,286.4,299.08,318.76,327.57,337.34,358.05,393.59,421.43,465.17,499.57,533.43,567.87,603.08,655.33,696.62,752.4,779.16,839.76,940.26,1059.47
slv,El Salvador,280.04,296.18,306.36,321.6,339.4,371.27,402.54,437.35,469.96,503.97,542.25,583.82,615.05,645.92,665.67,681.9,704.54,737.6,771.43,785.01,814.67,837.2,914.08,958.68,1001.39,1031.75,1058.6,1106.72,1172.33,1245.32,1313.75,1456.15,1513.99,1619.57
smr,San Marino,11.29,11.5,11.69,12.16,12.76,13.7,14.61,15.5,16.58,17.55,18.07,18.84,19.42,20.34,19.8,20.2,20.37,20.43,20.63,20.67,21.18,21.53,21.78,21.58,21.46,21.65,22.47,23.24,23.83,24.88,24.59,25.71,26.45,28.53
som,Somalia,132.03,136.22,142.48,142.56,146.93,148.67,152.98,158.54,164.85,172.11,183.5,190.94,199.69,206.49,218.08,230.41,241.27,254.24,264.09,278.91,292.21,305.38,317.15,330.12,352.22,378.1,408.11,438.22,471.18,509.43,487.25,584.97,622.07,680.27
srb,Serbia,3163.12,3363.57,3487.85,3614.99,3750.3,3868.21,4052.97,4217.35,4426.2,4584.73,4704.79,4592.43,4703.44,4723.5,4837.6,4989.97,5009.02,5179.38,5280.07,5346.74,5460.49,5473.26,5514.23,5502.45,5574.12,5705.53,5647.77,5793,5729.42,5757.46,5822.62,5836.57,5846.78,5952.67
ssd,South Sudan,375.44,380.38,392.39,398.39,404.16,416.85,414.52,389.46,401.5,408.02,424.24,412.19,418.81,444.45,469.02,482.6,527.78,551.97,575.96,616.2,652.91,689.6,731.7,785.78,855.9,922.38,958.7,964.5,986.85,1031.87,1062.7,1082.73,1344.36,1438.29
stp,Sao Tome and Principe,5.97,5.86,5.86,5.87,5.86,5.55,5.57,5.65,5.93,6.3,6.22,6.7,7.1,7.45,7.85,8.69,9.64,10.41,11.23,12.32,13.9,14.77,15.5,16.97,19.35,21.19,23.22,25.57,27.74,29.93,33.12,35.26,37.09,40.19
sur,Suriname,38.18,39.15,40.55,41.66,44,46.92,50.43,52.82,53.86,54.96,53.93,55.52,59.78,63.39,67.23,70.98,74.89,78.7,82.51,87.12,92.13,98.11,103.12,105.81,108.18,110.87,112.91,114.2,115.71,119.48,123.34,142.98,131.71,136.64
svk,Slovak Republic,1434.86,1481.82,1530.73,1598.15,1683.91,1741.26,1782.33,1819.67,1867.02,1901.5,1948.41,1978.95,1983.1,1987.67,2002.03,2043.76,2090.45,2123.49,2161.38,2191.44,2276.92,2332.18,2402.71,2461.5,2521.55,2611,2668.08,2727.5,2744,2759.53,2807.79,2856.08,2843.48,2817.58
svn,Slovenia,852.59,888.01,946.13,1001,985.32,1013.75,1018.26,1060.19,1099.74,1131.92,1110.63,1161.53,1216.3,1198.59,1208.45,1242.82,1252.02,1247.77,1308.64,1314.98,1303.5,1266.02,1259.2,1295.07,1309.28,1357.25,1343.66,1368.68,1374.67,1366.44,1425.39,1393.05,1433.43,1431.63
swe,Sweden,5071.71,5143.03,5284.38,5396.06,5398.83,5680.58,5853.43,6011.66,6204.87,6175.03,6292.01,6265.75,6303.32,6484.53,6696.17,6811.1,6792.35,6720.92,6855.18,6678.7,6848.65,6883.06,6987.45,6990.57,6862.05,6853.44,6782.27,6810.17,6741.62,6676.87,6753.78,6618.93,6823.18,6983.64
swz,Eswatini,102.26,109.18,115.33,117.15,114.91,107.23,97.64,87.95,79.72,74.93,73.61,78.67,83.54,95.98,112.02,123.72,126.03,119.45,115.53,117.25,119.39,121.06,120.96,119.4,116.79,114.67,117.02,123.71,131.81,140.89,160.77,176.9,185.07,191.29
syc,Seychelles,7.43,8.03,8.63,9.25,9.83,10.49,11.31,12.25,13.26,14.27,15.25,16,16.65,17.26,17.92,18.46,18.91,19.83,20.68,21.51,22.08,22.47,22.86,23.3,23.33,23.28,23.46,23.24,23.33,24.3,24.41,28.5,28.34,31.1
syr,Syria,439.17,474.6,513.87,557.08,598.18,637.07,679.91,720.12,755.4,820.4,913.61,1003.17,1074.49,1167.19,1202.37,1265.64,1319.27,1411.74,1527.94,1632.01,1751.22,1814.03,1813.48,1780.13,1741.38,1720.51,1757.78,1838.59,1910.49,2013.99,2015.83,1981.27,2223.35,2302.87
tcd,Chad,366.44,369.54,371.75,380.64,369.82,359.53,366.71,371.3,372.8,377.52,388.17,399.62,407.76,417.04,430.27,453.13,476.58,505.82,535.49,573.42,609.88,637.88,661.64,692,721.84,768.08,815.66,858.28,914.95,973.11,1009.63,1049.84,1287.16,1406.79
tgo,Togo,208.29,214.74,219.14,221.42,221.62,223.2,224.94,228.07,237.71,244.43,259.27,268.04,280.62,291.76,306.68,324.59,348.08,354.44,387.57,434.74,487.78,534.01,568.46,605.11,634.66,691.36,778.61,893.63,977.82,1079.72,1139.49,1271.36,1507.18,1651.56
tha,Thailand,6331.98,6915.87,7533.6,8121.89,8848.85,9526.15,9623.92,9418.11,10335.11,12631.98,14516.18,15753.51,16028.09,16527.78,17118.77,17349,18013.11,18764.1,19215.54,19555.05,20190.78,20061.93,19913.19,20054.93,20108.33,20428.02,20829.82,20587.91,20729.95,21675.11,22155.14,23180.66,24703.1,25277.78
tjk,Tajikistan,443.82,476.59,492.19,522.22,507.63,483.57,452.37,434.1,428.37,421.21,416.04,421.18,431.5,450.57,451.28,444.41,434.42,431.38,429.63,433.23,439.51,446.84,462.97,475.69,507.39,549.42,592.82,645.84,686.96,761.61,737.94,821.82,1035.19,1123.92
tkm,Turkmenistan,300.6,263.13,261.48,283.38,328.9,350.76,366.66,359.4,351.72,321.36,296.5,302.99,310.51,317.45,320.71,338.7,378.46,404.71,410.03,442.33,495.09,537.25,576.38,606.34,624.92,618.12,635.56,663.08,684.48,712.06,735.02,789.71,794.84,810.61
tls,Timor-Leste,26.97,28.69,30.73,32.7,34.37,36.2,37.9,39.17,40.78,41.18,43.62,44.93,45.1,47.46,46.28,50.12,52.38,56,57.48,64.12,69.38,80.07,88.09,93.1,98.08,104.47,111.31,118.81,125.48,133.21,145.29,156.71,167.86,181.75
ton,Tonga,13.4,13.95,14.39,14.91,15.39,15.85,16.26,16.65,17.18,17.63,17.99,18.32,18.55,18.84,19.36,19.68,19.91,19.98,20.19,21.47,21.18,21.71,22.24,22.81,23.29,23.95,24.87,25.78,26.75,27.82,29.92,34.6,33.77,35.64
tto,Trinidad and Tobago,244.93,245.28,250.92,265.62,284,297.95,308.79,307.1,306.97,302.1,313.02,317.46,345.72,347.72,376.33,380.76,392.7,419.08,422.18,443.04,469.76,492.92,506.75,522.17,536.89,552.52,562.04,580.28,600.25,623.72,649.59,715.03,714.7,753.79
tun,Tunisia,1007.36,1088.85,1157.11,1236.88,1320.22,1377.66,1461.93,1553.65,1672.5,1805.08,1916.61,2031.02,2135.87,2239.12,2321.35,2399.19,2486.6,2594.05,2704.4,2814.21,2925.25,3053.25,3188.8,3304.36,3463.18,3642.68,3817.53,4070.33,4321.24,4679.63,4856.45,4750.5,5629.78,6585.16
tur,Turkey,4802.38,5112.98,5450.19,5812.97,6135.66,6448.14,6684.85,7031.03,7400.72,7452.23,8034.43,8421.09,8985.76,9419.43,9927.67,10746.52,11612.58,12087.15,11965.8,11134.29,11027.67,11595.55,12163.01,13005.52,13869.21,14688.27,15594.59,16319.24,16777.44,17853.49,18903.95,21603.39,21751.51,22015.05
tuv,Tuvalu,1.41,1.46,1.53,1.59,1.67,1.73,1.78,1.85,1.95,2.03,2.09,2.13,2.18,2.2,2.23,2.26,2.31,2.35,2.38,2.43,2.46,2.49,2.52,2.56,2.58,2.6,2.67,2.68,2.73,2.81,2.86,3,2.86,2.9
tza,Tanzania,1603.94,1624.31,1673.95,1703.45,1754.94,1820.14,1903.34,2017.04,2099.4,2147.84,2222.48,2312.29,2400.72,2466.17,2537.24,2581.21,2668.41,2832.9,2975.32,3055.48,3234.98,3368.65,3570.64,3804.9,3860.87,3898.65,3868.35,3935.04,3967.46,3996.24,4106.05,4724.03,4343.2,5029.97
uga,Uganda,985.97,1092.63,1150.74,1228.96,1309.18,1380.48,1458,1533,1623.88,1715.04,1866.43,1928.88,1993.85,2043.18,2118.61,2224.77,2335.2,2415.87,2526.98,2640.23,2707.16,2845,3159.15,3573.01,3825.78,4132.77,4359.99,4691.62,5128.04,5599.9,6054.92,7282.32,8086.83,9190.31
ukr,Ukraine,14488.31,15306.18,16035.49,16953.49,17448.27,17644.3,17464.76,17112.96,17067.2,17573.89,18099.86,18525.48,19273.35,19995.94,19754.3,17781.67,17266.87,16933.77,17122.97,17498.19,17537.51,17358.77,17615.23,17729.65,16469.6,15558.62,15304.29,15521.27,15116.29,15361.01,15971.11,15089.84,14905.82,14917.26
ury,Uruguay,1425.29,1432.13,1432.02,1457.77,1493.92,1524.73,1549.64,1583.24,1653.11,1660.3,1698.48,1661.64,1686.41,1681.62,1722.62,1784.41,1803.63,1787.48,1766.91,1795.22,1811.94,1835.53,1798.03,1819.76,1812.08,1877.21,1928.42,1917.36,2014.84,2043.54,1913.84,2059.33,2343.67,2274.45
usa,USA,210050.25,213563.7,215159.19,221065.03,223496.55,228243.8,229992.97,230414.4,233119.8,238422.03,242822.2,245125.28,247651.84,249753.87,247123.2,249825.9,247462.51,246205.6,251073.4,251807.66,252732.28,253078.63,252762.94,252668.75,251797.11,253236.83,252365.44,253255.98,251412.29,250892.9,257061.39,256670.99,258991.53,259245.88
uzb,Uzbekistan,1795.67,1830.35,1934.89,2062.51,2096.25,2092.37,2131.72,2141.86,2224.27,2317.31,2382.73,2432.11,2442.85,2485.61,2262.17,2274.68,2428.18,2619.4,2813.47,2882.73,3030.82,3118.35,3266.85,3483.46,3656.9,3871.8,4119.59,4488.1,4615.18,4641.04,4417.29,4324.99,4639.79,4807.79
vct,St. Vincent and the Grenadines,20.25,21.36,22.51,23.41,24.33,24.46,24.77,24.34,23.94,24.8,26.18,27.81,28.18,28.11,29.39,29.1,29.24,30.05,32.22,34.01,36.01,39.23,42.01,42.22,41.27,41.15,41.43,42.28,44.16,47.13,46.97,45.3,47.44,50.56
ven,Venezuela,1743.45,1888.85,2048.05,2134.73,2306.95,2432.06,2516.7,2659.95,2743.21,3082.71,2991.64,3196.22,3410.56,3615.09,3826.17,3962.49,4119.38,4333.31,4610.38,4955.84,5297.53,5726.4,6067.93,6255.37,6604.03,7016.46,7350.75,7742.73,8496.83,9274.49,9519.46,9749.45,10070.06,10186.27
vnm,Vietnam,3215.52,3428.53,3672.68,3925.35,4193.53,4454.26,4738.21,5062.18,5427.49,5719.88,6026.88,6358.19,6732.31,7169.41,7661.94,8168.73,8680.64,9282.22,9960.97,10697.45,11515.33,12298.26,13082.36,13896.75,14732.72,15720.74,16791.69,17685.8,18606.16,19689.92,20689.64,21243.29,22827.95,24497.69
vut,Vanuatu,5.92,6.58,7.16,7.68,8.72,8.7,9.35,9.78,10.33,11.03,10.67,11.41,10.56,10.12,10.49,11.78,12.52,13.74,14.78,15.39,16.17,17.66,18.65,19.87,21.17,22.34,23.69,25.11,26.57,27.97,29.59,30.26,33.89,36.65
wsm,Samoa,8.14,8.54,8.92,9.31,9.74,10.25,10.84,11.44,12.13,12.67,13.15,13.62,14,14.31,14.54,14.65,14.69,14.62,14.54,14.65,14.6,14.67,14.72,14.85,14.97,15.19,15.58,16.05,16.51,17.61,17.77,19.62,20.59,22.34
yem,Yemen,186.55,193.31,200.97,206.97,215.04,220.55,228.63,238.48,249.29,268.7,286.59,305.35,323.72,349.32,383.43,415.22,449.11,481.48,535.29,575.99,605.21,658.6,696.75,767.8,835.32,901.47,946.08,1007.74,1030.8,1083.76,1133.01,1188.58,1371.33,1543.91
zaf,South Africa,2860.93,3000.76,3047.08,3470.06,3736.8,4011.02,4399.22,4259.99,4384.16,4293.6,4165.35,4105.7,4084.04,4102.89,4110.8,4401.66,4847.07,5384.75,5965.67,6729.43,7437.19,8129.01,8821.19,9525.53,10068.75,10416.14,10688.05,11029.05,11365,11027.2,10310.65,10541.93,12131.14,13690.69
zmb,Zambia,598.71,591.85,584.71,582.78,583.62,590.77,604.99,620.59,637.26,658,682.53,738.45,762.22,766.63,776.18,824.54,881.86,940.05,1055.88,1167.75,1251.4,1345.31,1418.77,1483.78,1567.17,1688.58,1827.34,1971.2,2109.68,2306.64,2521.44,2941.96,3350.09,3845.67
zwe,Zimbabwe,309.58,305.73,331.98,346.11,385.24,418.67,462.66,514.57,561.5,604.6,639.59,705.69,777.32,848.2,878.89,855.61,830.38,787.01,824.66,835.52,854.83,968.34,1027.71,1047.51,1054.95,1099.53,1138.15,1145.23,1190.87,1234.17,1262.37,1514.65,1302.33,1316.25
